,filename,category
0,23408537.pdf,HR
1,27770859.pdf,INFORMATION-TECHNOLOGY
2,14517953.pdf,CONSULTANT
3,25834360.pdf,FITNESS
4,32980197.pdf,BANKING
5,14874322.pdf,AVIATION
6,68216398.pdf,AVIATION
7,18067556.pdf,INFORMATION-TECHNOLOGY
8,44147689.pdf,CONSTRUCTION
9,33578873.pdf,SALES
10,25425322.pdf,ENGINEERING
11,21856577.pdf,BANKING
12,23673025.pdf,PUBLIC-RELATIONS
13,35468363.pdf,CHEF
14,20765795.pdf,ADVOCATE
15,17963031.pdf,INFORMATION-TECHNOLOGY
16,27884470.pdf,ADVOCATE
17,17915015.pdf,FITNESS
18,81011612.pdf,DESIGNER
19,78538268.pdf,ADVOCATE
20,76010167.pdf,DESIGNER
21,22855060.pdf,FITNESS
22,62071407.pdf,ENGINEERING
23,31201660.pdf,CONSULTANT
24,39413067.pdf,INFORMATION-TECHNOLOGY
25,28172023.pdf,FITNESS
26,14391434.pdf,BANKING
27,11842274.pdf,CHEF
28,18365791.pdf,ACCOUNTANT
29,25919149.pdf,ENGINEERING
30,11963737.pdf,ADVOCATE
31,30344127.pdf,APPAREL
32,17714174.pdf,BUSINESS-DEVELOPMENT
33,19918523.pdf,TEACHER
34,24967652.pdf,FINANCE
35,15791766.pdf,INFORMATION-TECHNOLOGY
36,81310245.pdf,BUSINESS-DEVELOPMENT
37,10464113.pdf,SALES
38,38744475.pdf,DESIGNER
39,47470864.pdf,HR
40,12669075.pdf,BANKING
41,25810233.pdf,SALES
42,19936735.pdf,CONSULTANT
43,19072267.pdf,PUBLIC-RELATIONS
44,29483501.pdf,CONSTRUCTION
45,13149176.pdf,ENGINEERING
46,31761591.pdf,FITNESS
47,39674782.pdf,CONSULTANT
48,25157655.pdf,APPAREL
49,17021141.pdf,ADVOCATE
50,25422388.pdf,DESIGNER
51,91189201.pdf,CONSULTANT
52,53227466.pdf,ARTS
53,62555739.pdf,AUTOMOBILE
54,29221006.pdf,AVIATION
55,56792999.pdf,BANKING
56,28867567.pdf,SALES
57,27512470.pdf,AVIATION
58,49119887.pdf,PUBLIC-RELATIONS
59,28398216.pdf,FINANCE
60,25128608.pdf,CHEF
61,26919036.pdf,CONSULTANT
62,54180474.pdf,ARTS
63,81508860.pdf,DIGITAL-MEDIA
64,26975573.pdf,ACCOUNTANT
65,28828844.pdf,HR
66,14708590.pdf,ADVOCATE
67,39247950.pdf,BANKING
68,15353911.pdf,ARTS
69,17325147.pdf,ARTS
70,43752620.pdf,ENGINEERING
71,98309114.pdf,PUBLIC-RELATIONS
72,13520837.pdf,HR
73,36517781.pdf,ENGINEERING
74,12695799.pdf,FITNESS
75,67631413.pdf,AVIATION
76,19108760.pdf,ADVOCATE
77,96761538.pdf,FITNESS
78,13593241.pdf,ADVOCATE
79,19929506.pdf,PUBLIC-RELATIONS
80,29297973.pdf,HR
81,21031285.pdf,ACCOUNTANT
82,47410104.pdf,FINANCE
83,21531811.pdf,TEACHER
84,14945250.pdf,DIGITAL-MEDIA
85,26459032.pdf,FITNESS
86,23438112.pdf,ACCOUNTANT
87,11088337.pdf,BUSINESS-DEVELOPMENT
88,29002596.pdf,DIGITAL-MEDIA
89,22765255.pdf,BUSINESS-DEVELOPMENT
90,11197262.pdf,AGRICULTURE
91,14346702.pdf,CONSULTANT
92,11188218.pdf,ADVOCATE
93,32081266.pdf,ENGINEERING
94,31243710.pdf,INFORMATION-TECHNOLOGY
95,23944036.pdf,HEALTHCARE
96,17880988.pdf,FINANCE
97,26530575.pdf,FINANCE
98,37540732.pdf,SALES
99,28109594.pdf,DIGITAL-MEDIA
100,25797445.pdf,ENGINEERING
101,17659053.pdf,ARTS
102,19473948.pdf,SALES
103,66741193.pdf,FINANCE
104,18198627.pdf,DESIGNER
105,14879257.pdf,ARTS
106,32067700.pdf,TEACHER
107,22983516.pdf,CONSTRUCTION
108,29784524.pdf,CHEF
109,10567764.pdf,AVIATION
110,22408666.pdf,TEACHER
111,20736486.pdf,HEALTHCARE
112,51209395.pdf,TEACHER
113,17213671.pdf,PUBLIC-RELATIONS
114,15899269.pdf,TEACHER
115,25926667.pdf,HEALTHCARE
116,21283733.pdf,DESIGNER
117,21780877.pdf,INFORMATION-TECHNOLOGY
118,38115035.pdf,HEALTHCARE
119,38220146.pdf,DESIGNER
120,27096796.pdf,ARTS
121,14861855.pdf,BUSINESS-DEVELOPMENT
122,29134372.pdf,HEALTHCARE
123,23782450.pdf,SALES
124,30504149.pdf,DIGITAL-MEDIA
125,13405733.pdf,INFORMATION-TECHNOLOGY
126,38897568.pdf,BANKING
127,28377361.pdf,SALES
128,74191424.pdf,ADVOCATE
129,34657584.pdf,DESIGNER
130,14910300.pdf,PUBLIC-RELATIONS
131,28969385.pdf,ACCOUNTANT
132,10818478.pdf,APPAREL
133,15717923.pdf,FINANCE
134,49777184.pdf,BANKING
135,12239749.pdf,ARTS
136,14569498.pdf,CHEF
137,22561438.pdf,CHEF
138,17312146.pdf,ARTS
139,15576950.pdf,HR
140,25187733.pdf,CONSTRUCTION
141,62850928.pdf,FINANCE
142,23246831.pdf,ACCOUNTANT
143,15575117.pdf,HR
144,64017585.pdf,INFORMATION-TECHNOLOGY
145,13574264.pdf,BUSINESS-DEVELOPMENT
146,25098739.pdf,CONSTRUCTION
147,31395742.pdf,CONSULTANT
148,73030450.pdf,BPO
149,15699744.pdf,CONSULTANT
150,24559558.pdf,PUBLIC-RELATIONS
151,58428843.pdf,SALES
152,19867922.pdf,HR
153,34185495.pdf,BANKING
154,27850777.pdf,BUSINESS-DEVELOPMENT
155,38291889.pdf,ADVOCATE
156,17823436.pdf,BANKING
157,33803142.pdf,HEALTHCARE
158,20490741.pdf,DIGITAL-MEDIA
159,14743911.pdf,ARTS
160,40882926.pdf,AGRICULTURE
161,35579812.pdf,CHEF
162,27375577.pdf,FINANCE
163,14789139.pdf,INFORMATION-TECHNOLOGY
164,15564893.pdf,CONSTRUCTION
165,12791244.pdf,FITNESS
166,25507648.pdf,FITNESS
167,11616482.pdf,TEACHER
168,32109048.pdf,APPAREL
169,27139412.pdf,BUSINESS-DEVELOPMENT
170,45077654.pdf,HEALTHCARE
171,38216888.pdf,AGRICULTURE
172,29208172.pdf,BUSINESS-DEVELOPMENT
173,34303500.pdf,SALES
174,16121387.pdf,HEALTHCARE
175,23719943.pdf,DESIGNER
176,22622351.pdf,FINANCE
177,12155206.pdf,TEACHER
178,27974588.pdf,FITNESS
179,34783330.pdf,BANKING
180,18208580.pdf,BANKING
181,19444529.pdf,DIGITAL-MEDIA
182,12635195.pdf,INFORMATION-TECHNOLOGY
183,22605864.pdf,ENGINEERING
184,11555549.pdf,TEACHER
185,19471144.pdf,CONSTRUCTION
186,66906212.pdf,TEACHER
187,25625173.pdf,AVIATION
188,31211074.pdf,PUBLIC-RELATIONS
189,26888302.pdf,AVIATION
190,49997097.pdf,ACCOUNTANT
191,18885767.pdf,ARTS
192,11333660.pdf,CONSULTANT
193,32441790.pdf,PUBLIC-RELATIONS
194,95792386.pdf,CONSULTANT
195,15499825.pdf,HEALTHCARE
196,12858898.pdf,FINANCE
197,28320387.pdf,ENGINEERING
198,16500168.pdf,ARTS
199,11065180.pdf,BANKING
200,16121015.pdf,SALES
201,14663897.pdf,CHEF
202,37750854.pdf,APPAREL
203,26046878.pdf,SALES
204,99433371.pdf,CONSTRUCTION
205,11653906.pdf,HEALTHCARE
206,12613221.pdf,HEALTHCARE
207,42487883.pdf,ACCOUNTANT
208,11336022.pdf,TEACHER
209,52684666.pdf,FITNESS
210,15210069.pdf,BANKING
211,24294778.pdf,ACCOUNTANT
212,26091595.pdf,CONSTRUCTION
213,39081840.pdf,HR
214,79261033.pdf,FITNESS
215,16820422.pdf,TEACHER
216,11005406.pdf,BPO
217,67501448.pdf,BUSINESS-DEVELOPMENT
218,39581020.pdf,SALES
219,23510685.pdf,HR
220,15224503.pdf,BANKING
221,91515108.pdf,BANKING
222,11773767.pdf,ADVOCATE
223,57575888.pdf,FITNESS
224,98559931.pdf,ACCOUNTANT
225,28396528.pdf,CHEF
226,15425154.pdf,DESIGNER
227,19951766.pdf,CHEF
228,39970711.pdf,HR
229,28672970.pdf,INFORMATION-TECHNOLOGY
230,26330995.pdf,PUBLIC-RELATIONS
231,23513618.pdf,ACCOUNTANT
232,13234267.pdf,AVIATION
233,36149549.pdf,ENGINEERING
234,54201930.pdf,DESIGNER
235,16594812.pdf,CHEF
236,24953126.pdf,CONSTRUCTION
237,23032276.pdf,CHEF
238,18636651.pdf,FINANCE
239,28897981.pdf,INFORMATION-TECHNOLOGY
240,28669770.pdf,FITNESS
241,55500538.pdf,AGRICULTURE
242,17983430.pdf,AVIATION
243,29908929.pdf,BUSINESS-DEVELOPMENT
244,22455205.pdf,PUBLIC-RELATIONS
245,28186635.pdf,AVIATION
246,34141299.pdf,DIGITAL-MEDIA
247,23396633.pdf,BUSINESS-DEVELOPMENT
248,27573855.pdf,ACCOUNTANT
